{
  "model": "RandomForest",
  "n": 38181,
  "n_fail": 43,
  "pr_auc": 0.0008816166115806533,
  "roc_auc": 0.3846718831367604,
  "features": [
    "Consumo_mA",
    "Offset_High_V",
    "Offset_Low_V",
    "V_20A_High_V",
    "V_20A_Low_V",
    "Tiempo_ms_High",
    "Tiempo_ms_Low",
    "Delta_V_High",
    "Delta_V_Low",
    "S_High_mVA",
    "S_Low_mVA",
    "Ratio_HL"
  ],
  "zone": {
    "umbral_rojo": 5.6,
    "umbral_amarillo": 5.65,
    "snap_grid": true,
    "band": null
  },
  "gain_top10pct": 0.023255813953488372,
  "gain_top25pct": 0.13953488372093023,
  "gain_top50pct": 0.4186046511627907,
  "seeds": [
    {
      "seed": 1,
      "model": "RandomForest",
      "pr_auc": 0.0008742642950512067,
      "roc_auc": 0.38234557000464653,
      "gain_top10pct": 0.023255813953488372,
      "gain_top25pct": 0.13953488372093023,
      "gain_top50pct": 0.4186046511627907
    },
    {
      "seed": 2,
      "model": "RandomForest",
      "pr_auc": 0.0008730827875428136,
      "roc_auc": 0.38206537580170913,
      "gain_top10pct": 0.023255813953488372,
      "gain_top25pct": 0.13953488372093023,
      "gain_top50pct": 0.4186046511627907
    },
    {
      "seed": 42,
      "model": "RandomForest",
      "pr_auc": 0.0008816166115806533,
      "roc_auc": 0.3846718831367604,
      "gain_top10pct": 0.023255813953488372,
      "gain_top25pct": 0.13953488372093023,
      "gain_top50pct": 0.4186046511627907
    }
  ],
  "stability": {
    "gain_top25pct_mean": 0.13953488372093023,
    "gain_top25pct_stdev": 0.0,
    "gain_top25pct_min": 0.13953488372093023,
    "gain_top25pct_max": 0.13953488372093023,
    "pr_auc_mean": 0.0008763212313915578,
    "pr_auc_stdev": 3.7753391466547476e-06
  },
  "sanity": {
    "n": 38181,
    "n_fail": 43,
    "s_high_unique": 1,
    "s_high_values": [
      5.65
    ],
    "delta_v_high_unique": 1
  }
}