{
  "model": "LogReg",
  "n": 31949,
  "n_fail": 187,
  "pr_auc": 0.03141795272493618,
  "roc_auc": 0.8246305998457109,
  "features": [
    "Consumo_mA",
    "Offset_High_V",
    "Offset_Low_V",
    "V_20A_High_V",
    "V_20A_Low_V",
    "Tiempo_ms_High",
    "Tiempo_ms_Low",
    "Delta_V_High",
    "Delta_V_Low",
    "S_High_mVA",
    "S_Low_mVA",
    "Ratio_HL"
  ],
  "gain_top10pct": 0.5721925133689839,
  "gain_top25pct": 0.839572192513369,
  "gain_top50pct": 0.8716577540106952
}